CREATE TABLE DEPT(
  DEPTNO NUMBER(2,0) PRIMARY KEY,
  DNAME VARCHAR2(14) UNIQUE NOT NULL,
  LOC VARCHAR2(13) NOT NULL);

CREATE TABLE EMP(
  EMPNO NUMBER(4,0) PRIMARY KEY, 
  ENAME VARCHAR2(10) UNIQUE NOT NULL,
  JOB VARCHAR2(9) NOT NULL,
  MGR NUMBER(4,0),
  HIREDATE DATE NOT NULL,
  SAL NUMBER(7,2) NOT NULL,
  COMM NUMBER(7,2),
  DEPTNO NUMBER(2,0),
  FOREIGN KEY (MGR) REFERENCES EMP(EMPNO),
  FOREIGN KEY (DEPTNO) REFERENCES DEPT(DEPTNO));

CREATE TABLE PROJECT(
  PNO NUMBER(2,0) PRIMARY KEY,
  PNAME VARCHAR2(14) UNIQUE NOT NULL,
  CAT CHAR(1) NOT NULL);

CREATE TABLE PARTICIPATION(
  EMPNO NUMBER(4,0), 
  PNO NUMBER(2,0),
  HOURS NUMBER(4,0) NOT NULL,
  PRIMARY KEY(EMPNO, PNO),
  FOREIGN KEY (EMPNO) REFERENCES EMP(EMPNO),
  FOREIGN KEY (PNO) REFERENCES PROJECT(PNO));

INSERT INTO DEPT VALUES(10,'ACCOUNTING','NEW YORK');
INSERT INTO DEPT VALUES(20,'RESEARCH','DALLAS');
INSERT INTO DEPT VALUES(30,'SALES','CHICAGO');
INSERT INTO DEPT VALUES(40,'OPERATIONS','BOSTON');

INSERT INTO EMP VALUES(7839,'KING','PRESIDENT',NULL,TO_DATE('1981-11-17','YYYY-MM-DD'),5000,NULL,10);
INSERT INTO EMP VALUES(7566,'JONES','MANAGER',7839,TO_DATE('1981-4-2','YYYY-MM-DD'),2975,NULL,20);
INSERT INTO EMP VALUES(7698,'BLAKE','MANAGER',7839,TO_DATE('1981-5-1','YYYY-MM-DD'),2850,NULL,30);
INSERT INTO EMP VALUES(7782,'CLARK','MANAGER',7839,TO_DATE('1981-6-9','YYYY-MM-DD'),2450,NULL,10);
INSERT INTO EMP VALUES(7902,'FORD','ANALYST',7566,TO_DATE('1981-12-3','YYYY-MM-DD'),3000,NULL,20);
INSERT INTO EMP VALUES(7788,'SCOTT','ANALYST',7566,TO_DATE('1981-07-13','YYYY-MM-DD'),3000,NULL,20);
INSERT INTO EMP VALUES(7876,'ADAMS','CLERK',7788,TO_DATE('1981-05-13','YYYY-MM-DD'),1100,NULL,20);
INSERT INTO EMP VALUES(7369,'SMITH','CLERK',7902,TO_DATE('1981-05-13','YYYY-MM-DD'),800,200,20);
INSERT INTO EMP VALUES(7499,'ALLEN','SALESMAN',7698,TO_DATE('1981-2-20','YYYY-MM-DD'),1600,300,30);
INSERT INTO EMP VALUES(7521,'WARD','SALESMAN',7698,TO_DATE('1981-2-22','YYYY-MM-DD'),1250,500,30);
INSERT INTO EMP VALUES(7654,'MARTIN','SALESMAN',7698,TO_DATE('1981-9-28','YYYY-MM-DD'),1250,500,30);
INSERT INTO EMP VALUES(7844,'TURNER','SALESMAN',7698,TO_DATE('1981-9-8','YYYY-MM-DD'),1500,100,30);
INSERT INTO EMP VALUES(7900,'JAMES','CLERK',7698,TO_DATE('1982-12-3','YYYY-MM-DD'),950,NULL,30);
INSERT INTO EMP VALUES(7934,'MILLER','CLERK',7782,TO_DATE('1982-05-13','YYYY-MM-DD'),1300,NULL,10);

INSERT INTO PROJECT VALUES(1,'APPE','A');
INSERT INTO PROJECT VALUES(2,'LITT','B');
INSERT INTO PROJECT VALUES(3,'BASE','C');
INSERT INTO PROJECT VALUES(4,'HERO','C');
INSERT INTO PROJECT VALUES(5,'CADU','A');

INSERT INTO PARTICIPATION VALUES(7566,1,350);
INSERT INTO PARTICIPATION VALUES(7698,4,240);
INSERT INTO PARTICIPATION VALUES(7499,4,20);
INSERT INTO PARTICIPATION VALUES(7521,4,120);
INSERT INTO PARTICIPATION VALUES(7654,3,240);
INSERT INTO PARTICIPATION VALUES(7654,4,720);
INSERT INTO PARTICIPATION VALUES(7900,2,450);
INSERT INTO PARTICIPATION VALUES(7900,3,1328);
INSERT INTO PARTICIPATION VALUES(7900,4,30);
INSERT INTO PARTICIPATION VALUES(7844,3,1220);
INSERT INTO PARTICIPATION VALUES(7902,1,625);
INSERT INTO PARTICIPATION VALUES(7369,1,80);
INSERT INTO PARTICIPATION VALUES(7788,2,300);
INSERT INTO PARTICIPATION VALUES(7876,2,50);
INSERT INTO PARTICIPATION VALUES(7876,3,120);

COMMIT;

COLUMN MGR FORMAT 9999 WORD_WRAPPED;
COLUMN SAL FORMAT 9999 WORD_WRAPPED;
COLUMN COMM FORMAT 9999 WORD_WRAPPED;
COLUMN CAT FORMAT A3 WORD_WRAPPED;

SELECT *
FROM DEPT;

SELECT EMPNO, ENAME, JOB, MGR, TO_CHAR(HIREDATE,'DD-MM-YYYY') HIREDATE, SAL, COMM, DEPTNO
FROM EMP;

SELECT *
FROM PROJECT;

SELECT *
FROM PARTICIPATION;
