CREATE TABLE DEPT(
  DEPTNO INT(2) PRIMARY KEY,
  DNAME VARCHAR(14) UNIQUE NOT NULL,
  LOC VARCHAR(13) NOT NULL);

CREATE TABLE EMP(
  EMPNO INT(4) PRIMARY KEY, 
  ENAME VARCHAR(10) UNIQUE NOT NULL,
  JOB VARCHAR(9) NOT NULL,
  MGR INT(4),
  HIREDATE DATE NOT NULL,
  SAL FLOAT(7,2) NOT NULL,
  COMM FLOAT(7,2),
  DEPTNO INT(2),
  FOREIGN KEY (MGR) REFERENCES EMP(EMPNO),
  FOREIGN KEY (DEPTNO) REFERENCES DEPT(DEPTNO));

CREATE TABLE PROJECT(
  PNO INT(2) PRIMARY KEY,
  PNAME VARCHAR(14) UNIQUE NOT NULL,
  CAT CHAR(1) NOT NULL);

CREATE TABLE PARTICIPATION(
  EMPNO INT(4), 
  PNO INT(2),
  HOURS INT(4) NOT NULL,
  PRIMARY KEY(EMPNO, PNO),
  FOREIGN KEY (EMPNO) REFERENCES EMP(EMPNO),
  FOREIGN KEY (PNO) REFERENCES PROJECT(PNO));

INSERT INTO DEPT VALUES(10,'ACCOUNTING','NEW YORK');
INSERT INTO DEPT VALUES(20,'RESEARCH','DALLAS');
INSERT INTO DEPT VALUES(30,'SALES','CHICAGO');
INSERT INTO DEPT VALUES(40,'OPERATIONS','BOSTON');

INSERT INTO EMP VALUES(7839,'KING','PRESIDENT',NULL,'1981-11-17',5000,NULL,10);
INSERT INTO EMP VALUES(7566,'JONES','MANAGER',7839,'1981-4-2',2975,NULL,20);
INSERT INTO EMP VALUES(7698,'BLAKE','MANAGER',7839,'1981-5-1',2850,NULL,30);
INSERT INTO EMP VALUES(7782,'CLARK','MANAGER',7839,'1981-6-9',2450,NULL,10);
INSERT INTO EMP VALUES(7902,'FORD','ANALYST',7566,'1981-12-3',3000,NULL,20);
INSERT INTO EMP VALUES(7788,'SCOTT','ANALYST',7566,'1981-07-13',3000,NULL,20);
INSERT INTO EMP VALUES(7876,'ADAMS','CLERK',7788,'1981-05-13',1100,NULL,20);
INSERT INTO EMP VALUES(7369,'SMITH','CLERK',7902,'1981-05-13',800,200,20);
INSERT INTO EMP VALUES(7499,'ALLEN','SALESMAN',7698,'1981-2-20',1600,300,30);
INSERT INTO EMP VALUES(7521,'WARD','SALESMAN',7698,'1981-2-22',1250,500,30);
INSERT INTO EMP VALUES(7654,'MARTIN','SALESMAN',7698,'1981-9-28',1250,500,30);
INSERT INTO EMP VALUES(7844,'TURNER','SALESMAN',7698,'1981-9-8',1500,100,30);
INSERT INTO EMP VALUES(7900,'JAMES','CLERK',7698,'1982-12-3',950,NULL,30);
INSERT INTO EMP VALUES(7934,'MILLER','CLERK',7782,'1982-05-13',1300,NULL,10);

INSERT INTO PROJECT VALUES(1,'APPE','A');
INSERT INTO PROJECT VALUES(2,'LITT','B');
INSERT INTO PROJECT VALUES(3,'BASE','C');
INSERT INTO PROJECT VALUES(4,'HERO','C');
INSERT INTO PROJECT VALUES(5,'CADU','A');

INSERT INTO PARTICIPATION VALUES(7566,1,350);
INSERT INTO PARTICIPATION VALUES(7698,4,240);
INSERT INTO PARTICIPATION VALUES(7499,4,20);
INSERT INTO PARTICIPATION VALUES(7521,4,120);
INSERT INTO PARTICIPATION VALUES(7654,3,240);
INSERT INTO PARTICIPATION VALUES(7654,4,720);
INSERT INTO PARTICIPATION VALUES(7900,2,450);
INSERT INTO PARTICIPATION VALUES(7900,3,1328);
INSERT INTO PARTICIPATION VALUES(7900,4,30);
INSERT INTO PARTICIPATION VALUES(7844,3,1220);
INSERT INTO PARTICIPATION VALUES(7902,1,625);
INSERT INTO PARTICIPATION VALUES(7369,1,80);
INSERT INTO PARTICIPATION VALUES(7788,2,300);
INSERT INTO PARTICIPATION VALUES(7876,2,50);
INSERT INTO PARTICIPATION VALUES(7876,3,120);

COMMIT;

SELECT *
FROM DEPT;

SELECT *
FROM EMP;

SELECT *
FROM PROJECT;

SELECT *
FROM PARTICIPATION;
